{
  "LINUX" : {
	  "CPU" : {
                "kpi_cpu_threshold" : "70",
                "interval" : "3",
                "delay" : "",
		"margin" : "80"
         },
	 "RAM" : {
		 "kpi_ram_threshold" : "70",
		 "interval" : "3",
		 "delay" : "",
		 "margin" : "80"
	 },
	 "ROM" : {
	 	"kpi_rom_threshold" : "70",
		"interval" : "3",
		"delay" : "",
		"margin" : "80"
	 },
	 "TurnAroundTime" : {
		 "App1" : {
			 "request": "",
			 "response" : "",
			 "margin" : "80"
		 }
	 }
  },
  "QNX" : {
	  "CPU" : {
                "kpi_cpu_threshold" : "70",
                "interval" : "3",
                "delay" : "",
		"margin" : "80"
         },
	 "RAM" : {
		 "kpi_ram_threshold" : "70",
		 "interval" : "3",
		 "delay" : "",
		 "margin" : "80"
	 },
	 "ROM" : {
	 	"kpi_rom_threshold" : "70",
		"interval" : "3",
		"delay" : "",
		"margin" : "80"
	 },
	 "TurnAroundTime" : {
		 "App1" : {
			 "request": "",
			 "response" : "",
			 "margin" : "80"
		 }
	 }
  },
  "Units" : {
  	"Memory": "mb",
	"Time" : "ms"
  }
}
