{
    "logFiles": {
        "First001_20251118_141007": {
            "linux": {
                "cpu": "../../results\\First001_20251118_141007\\linux\\cpu\\core_cpu_summary.txt",
                "cpu_util": "../../results\\First001_20251118_141007\\linux\\cpu\\cpu_utilization.txt",
                "mem_details_linux": "../../results\\First001_20251118_141007\\linux\\ram_rom\\mem_details_linux.txt",
                "ram": "../../results\\First001_20251118_141007\\linux\\ram_rom\\ram_usage_linux.txt",
                "rom": "../../results\\First001_20251118_141007\\linux\\ram_rom\\rom_usage_linux.txt"
            }
        }
    },
    "processedFolders": [
        "First001_20251118_141007"
    ]
}