{
  "applications": {
    "FDR": {
      "src_ips": ["172.29.61.3"],
      "dst_ips": ["172.29.61.11"],
      "service_ids": ["0x2009"],
      "method_ids": ["0x0001"]
    },
    "UserAuthentication": {
      "src_ips": ["172.29.61.3"],
      "dst_ips": ["172.29.61.11"],
      "service_ids": ["0x2009"],
      "method_ids": ["0x0001"]
    },
	"DMC": {
      "src_ips": ["172.29.61.3"],
      "dst_ips": ["172.29.61.11"],
      "service_ids": ["0x2009"],
      "method_ids": ["0x0001"]
    },
	"LearningAirConditioner": {
      "src_ips": ["172.29.61.3"],
      "dst_ips": ["172.29.61.11"],
      "service_ids": ["0x2009"],
      "method_ids": ["0x0001"]
    }
  }
}